City_ID,City,Lat,Lng,Max Temp,Humidity,Cloudiness,Wind Speed,Country,Date
0,umm lajj,25.0213,37.2685,295.92,59,0,3.79,SA,1667877469
1,itaituba,-4.2761,-55.9836,296.34,97,97,0.68,BR,1667877470
2,butaritari,3.0707,172.7902,300.12,73,17,2.05,KI,1667877470
3,filadelfia,39.9523,-75.1638,290.91,32,20,7.72,US,1667877437
4,miramar,25.9873,-80.2323,299.16,82,75,4.63,US,1667877471
5,tuktoyaktuk,69.4541,-133.0374,256.15,78,0,3.6,CA,1667877471
6,bredasdorp,-34.5322,20.0403,286.61,90,65,2.44,ZA,1667877471
7,gunjur,13.2019,-16.7339,299.87,64,100,5.01,GM,1667877472
8,nara,34.6851,135.8049,294.24,32,0,3.91,JP,1667877227
9,saint george,37.1041,-113.5841,291.45,37,75,7.2,US,1667877277
10,busselton,-33.65,115.3333,293.35,55,90,2.95,AU,1667877472
11,fortuna,40.5982,-124.1573,280.34,95,98,2.68,US,1667877426
12,albany,42.6001,-73.9662,282.39,58,4,0.45,US,1667877306
13,naron,43.5167,-8.1528,287.62,83,88,7.08,ES,1667877473
14,honjo,36.2333,139.1833,293.94,27,0,4.55,JP,1667877474
15,charters towers,-20.1,146.2667,304.99,28,0,2.78,AU,1667877474
16,puerto ayora,-0.7393,-90.3518,292.34,86,87,0.45,EC,1667877474
17,rikitea,-23.1203,-134.9692,296.38,92,100,7.16,PF,1667877475
18,mount isa,-20.7333,139.5,311.02,14,0,5.66,AU,1667877475
19,broome,42.2506,-75.833,281.74,67,75,7.2,US,1667877293
20,barrow,71.2906,-156.7887,270.16,80,100,10.8,US,1667877476
21,pevek,69.7008,170.3133,255.57,97,15,0.85,RU,1667877195
22,la ronge,55.1001,-105.2842,260.29,78,100,5.66,CA,1667877330
23,saldanha,-33.0117,17.9442,288.86,85,76,3.4,ZA,1667877476
24,kavaratti,10.5669,72.642,300.62,73,1,2.45,IN,1667877476
25,tessalit,20.1986,1.0114,294.34,19,3,4.16,ML,1667877227
26,victoria,22.2855,114.1577,297.73,85,94,4.02,HK,1667877257
27,adrar,20.5022,-10.0711,296.09,17,5,4.2,MR,1667877477
28,jamestown,42.097,-79.2353,279.92,72,0,3.6,US,1667877254
29,vilyuysk,63.7553,121.6247,252.09,88,61,2.08,RU,1667877477
30,airai,-8.9266,125.4092,297.91,53,74,0.29,TL,1667877425
31,carnarvon,-24.8667,113.6333,294.84,55,5,6.28,AU,1667877478
32,avarua,-21.2078,-159.775,297.18,69,100,3.6,CK,1667877478
33,port alfred,-33.5906,26.891,289.92,89,100,1.34,ZA,1667877479
34,craig,40.5153,-107.5464,280.94,49,0,4.63,US,1667877479
35,bambous virieux,-20.3428,57.7575,297.71,73,40,3.6,MU,1667877479
36,jinka,5.65,36.65,289.96,78,94,1.44,ET,1667877480
37,colchester,51.8892,0.9042,288.31,80,98,11.52,GB,1667877480
38,port elizabeth,-33.918,25.5701,289.99,91,0,6.69,ZA,1667877480
39,novyy urgal,51.0736,132.5642,271.14,64,22,1.22,RU,1667877481
40,hermanus,-34.4187,19.2345,287.98,86,62,2.86,ZA,1667877481
41,yellowknife,62.456,-114.3525,258.46,85,75,0.0,CA,1667877481
42,boyolangu,-8.1181,111.8935,300.49,78,89,1.36,ID,1667877482
43,petropavlovsk-kamchatskiy,53.0452,158.6483,273.48,69,75,2.0,RU,1667877482
44,mataura,-46.1927,168.8643,291.75,43,85,1.45,NZ,1667877482
45,dongzhen,22.3797,110.9389,297.13,71,80,0.9,CN,1667877483
46,saskylakh,71.9167,114.0833,242.14,98,48,2.11,RU,1667877483
47,college,64.8569,-147.8028,267.48,73,100,0.0,US,1667877483
48,leh,34.1667,77.5833,270.86,69,65,1.61,IN,1667877484
49,ayolas,-27.4,-56.9,289.81,63,2,4.21,PY,1667877484
50,thompson,55.7435,-97.8558,249.24,84,0,1.54,CA,1667877485
51,tiksi,71.6872,128.8694,255.68,91,100,7.7,RU,1667877485
52,sarulesti,44.4167,26.65,285.6,73,100,1.99,RO,1667877485
53,srednekolymsk,67.45,153.6833,256.3,97,100,4.63,RU,1667877486
54,aksarka,66.5606,67.7975,264.49,98,96,1.73,RU,1667877486
55,hithadhoo,-0.6,73.0833,301.29,75,22,7.89,MV,1667877487
56,islamkot,24.6997,70.177,298.04,35,1,2.99,PK,1667877487
57,nantucket,41.2835,-70.0995,290.21,45,0,8.23,US,1667877488
58,galesong,-5.3166,119.3661,304.16,64,92,2.59,ID,1667877488
59,kaitangata,-46.2817,169.8464,288.13,69,100,2.78,NZ,1667877488
60,cervo,43.6702,-7.4101,288.54,80,96,6.31,ES,1667877489
61,urusha,54.05,122.9,266.52,76,99,1.07,RU,1667877489
62,kapaa,22.0752,-159.319,301.14,79,40,7.72,US,1667877490
63,buala,-8.145,159.5921,301.85,78,62,3.68,SB,1667877490
64,hobart,-42.8794,147.3294,301.05,51,20,4.63,AU,1667877219
65,kununurra,-15.7667,128.7333,313.14,17,82,4.12,AU,1667877490
66,esperance,-33.8667,121.9,289.64,71,100,7.48,AU,1667877491
67,alofi,-19.0595,-169.9187,300.09,65,75,6.69,NU,1667877491
68,maragogi,-9.0122,-35.2225,297.01,85,11,1.1,BR,1667877492
69,mar del plata,-38.0023,-57.5575,289.19,93,0,6.26,AR,1667877206
70,benesat,47.4167,23.3,282.04,95,96,0.83,RO,1667877492
71,mount gambier,-37.8333,140.7667,299.91,36,0,1.2,AU,1667877493
72,chazuta,-6.5742,-76.1367,297.06,74,5,0.32,PE,1667877493
73,amanganj,24.4333,80.0333,295.1,50,76,1.6,IN,1667877493
74,ajdabiya,30.7554,20.2263,290.93,77,0,2.45,LY,1667877494
75,castro,-24.7911,-50.0119,282.27,98,3,2.24,BR,1667877494
76,kodiak,57.79,-152.4072,275.88,87,100,6.17,US,1667877494
77,hilo,19.7297,-155.09,299.0,79,75,2.06,US,1667877495
78,bubaque,11.2833,-15.8333,301.87,63,76,5.89,GW,1667877495
79,leningradskiy,69.3833,178.4167,264.94,89,100,3.94,RU,1667877209
80,roebourne,-20.7833,117.1333,300.81,28,0,5.48,AU,1667877496
81,touros,-5.1989,-35.4608,298.56,75,100,4.43,BR,1667877496
82,punta arenas,-53.15,-70.9167,283.21,71,0,6.69,CL,1667877300
83,kurilsk,45.2333,147.8833,281.75,56,40,4.23,RU,1667877496
84,atuona,-9.8,-139.0333,298.22,71,99,6.72,PF,1667877497
85,cayenne,4.9333,-52.3333,297.17,94,100,0.0,GF,1667877497
86,catuday,16.2923,119.8062,301.87,68,61,2.89,PH,1667877497
87,sao joao da barra,-21.6403,-41.0511,293.83,75,100,1.51,BR,1667877498
88,gobabis,-22.45,18.9667,289.01,73,0,1.56,NA,1667877498
89,termoli,41.9888,14.9895,286.92,73,0,1.97,IT,1667877499
90,mopipi,-21.1833,24.8833,294.25,80,100,1.47,BW,1667877499
91,kelvington,52.1667,-103.5343,263.87,91,100,9.29,CA,1667877499
92,nikolskoye,59.7035,30.7861,277.09,92,100,4.41,RU,1667877500
93,hun,29.1268,15.9477,287.73,75,2,2.25,LY,1667877500
94,aykhal,66.0,111.5,254.09,100,99,1.38,RU,1667877501
95,ushuaia,-54.8,-68.3,285.94,54,20,2.57,AR,1667877501
96,bluff,-46.6,168.3333,291.93,75,62,5.76,NZ,1667877501
97,hinton,53.4001,-117.5857,255.92,99,100,1.65,CA,1667877330
98,svetlaya,46.5389,138.3297,279.93,43,5,2.62,RU,1667877502
99,longyearbyen,78.2186,15.6401,268.06,80,75,5.14,SJ,1667877502
100,providencia,28.7167,-111.5833,294.47,73,96,2.86,MX,1667877503
101,rocha,-34.4833,-54.3333,284.69,95,0,2.26,UY,1667877503
102,east london,-33.0153,27.9116,291.67,88,75,6.17,ZA,1667877503
103,severo-kurilsk,50.6789,156.125,277.63,74,84,7.89,RU,1667877289
104,ilulissat,69.2167,-51.1,250.44,88,14,2.82,GL,1667877285
105,cape town,-33.9258,18.4232,287.54,89,0,2.06,ZA,1667877476
106,lubao,14.9167,120.55,303.99,68,33,4.23,PH,1667877504
107,qaanaaq,77.484,-69.3632,255.1,98,100,1.82,GL,1667877505
108,saint-paul,-21.0096,55.2707,298.21,70,4,0.85,RE,1667877505
109,roald,62.5833,6.1333,281.9,87,21,3.6,NO,1667877506
110,selma,36.5708,-119.6121,285.88,97,96,0.0,US,1667877506
111,mantua,45.1667,10.7833,282.73,86,33,1.34,IT,1667877506
112,ostersund,63.1792,14.6357,272.4,100,100,1.54,SE,1667877507
113,vardo,70.3705,31.1107,275.14,80,75,2.06,NO,1667877507
114,zhigansk,66.7697,123.3711,251.71,92,100,3.28,RU,1667877215
115,kanniyakumari,8.0833,77.5667,299.34,77,90,6.28,IN,1667877508
116,russell,32.3502,-85.1999,295.93,72,52,1.98,US,1667877329
117,lavrentiya,65.5833,-171.0,270.84,96,100,9.93,RU,1667877508
118,norman wells,65.282,-126.8329,256.17,85,20,4.12,CA,1667877508
119,klaksvik,62.2266,-6.589,282.66,92,100,16.81,FO,1667877509
120,kalaiya,27.0327,85.0022,296.51,59,95,0.71,NP,1667877509
121,malakal,9.5334,31.6605,296.8,70,97,2.0,SS,1667877425
122,zhicheng,30.2956,111.5047,295.2,44,0,1.44,CN,1667877510
123,zhangye,38.9342,100.4517,282.14,25,0,0.37,CN,1667877510
124,aklavik,68.2191,-135.0107,255.78,85,100,4.84,CA,1667877510
125,guerrero negro,27.9769,-114.0611,291.9,75,52,4.95,MX,1667877226
126,narsaq,60.9167,-46.05,272.27,74,100,3.27,GL,1667877511
127,troitsko-pechorsk,62.7084,56.1964,270.23,97,100,3.53,RU,1667877511
128,ahipara,-35.1667,173.1667,289.98,86,96,6.51,NZ,1667877512
129,souillac,-20.5167,57.5167,297.36,73,40,3.6,MU,1667877512
130,geraldton,-28.7667,114.6,296.38,56,40,7.2,AU,1667877512
131,labuhan,-6.8844,112.2051,303.08,64,86,0.8,ID,1667877513
132,bethel,41.3712,-73.414,287.31,45,0,3.09,US,1667877239
133,kruisfontein,-34.0033,24.7314,286.17,86,34,2.29,ZA,1667877513
134,san patricio,28.017,-97.5169,298.62,86,3,4.73,US,1667877514
135,ayagoz,47.9714,80.4392,278.64,95,100,7.33,KZ,1667877514
136,alekseyevsk,57.8406,108.3492,269.32,86,100,5.6,RU,1667877515
137,ust-shonosha,61.1531,41.343,275.02,93,100,3.93,RU,1667877515
138,dongsheng,39.8161,109.9776,280.04,33,66,5.6,CN,1667877515
139,walvis bay,-22.9575,14.5053,288.2,94,27,1.54,NA,1667877516
140,vao,-22.6667,167.4833,296.63,85,97,6.92,NC,1667877516
141,ingham,42.6,-84.3833,278.25,66,0,1.54,US,1667877516
142,nanortalik,60.1432,-45.2371,270.97,87,100,1.75,GL,1667877517
143,gibgos,13.859,123.7675,302.06,76,100,2.49,PH,1667877517
144,taree,-31.9,152.4667,297.63,54,61,4.52,AU,1667877518
145,luderitz,-26.6481,15.1594,289.55,85,71,3.05,NA,1667877518
146,vaini,-21.2,-175.2,300.24,74,20,3.6,TO,1667877518
147,kloulklubed,7.0419,134.2556,300.43,69,100,1.58,PW,1667877519
148,port blair,11.6667,92.75,300.29,78,95,5.3,IN,1667877435
149,new norfolk,-42.7826,147.0587,300.86,27,43,0.89,AU,1667877519
150,saryg-sep,51.5,95.6,271.23,84,97,0.53,RU,1667877519
151,riyadh,24.6877,46.7219,290.23,55,0,2.4,SA,1667877287
152,saint-philippe,-21.3585,55.7679,297.92,77,14,3.33,RE,1667877520
153,ratholo,-22.7245,27.572,292.47,92,100,4.15,BW,1667877520
154,kozlovo,56.5167,36.2667,276.33,96,100,4.11,RU,1667877521
155,arman,59.7,150.1667,268.16,91,98,5.75,RU,1667877521
156,necochea,-38.5473,-58.7368,288.41,58,0,7.78,AR,1667877521
157,nova olimpia,-14.7972,-57.2881,295.3,36,0,0.74,BR,1667877522
158,ayan,56.45,138.1667,264.29,51,100,6.76,RU,1667877522
159,kathmandu,27.7167,85.3167,288.27,88,75,1.03,NP,1667877522
160,codrington,-38.2667,141.9667,297.71,59,6,4.64,AU,1667877523
161,paracuru,-3.41,-39.0306,299.88,73,77,3.98,BR,1667877523
162,lompoc,34.6391,-120.4579,284.7,95,100,2.57,US,1667877523
163,cherskiy,68.75,161.3,252.21,99,39,1.7,RU,1667877524
164,bela,25.9333,81.9833,296.61,50,81,1.77,IN,1667877524
165,zemio,5.0314,25.1361,294.1,94,100,1.15,CF,1667877524
166,bridlington,54.0831,-0.1919,287.11,85,100,17.43,GB,1667877525
167,anito,12.4497,125.2886,301.8,81,100,2.83,PH,1667877525
168,pisco,-13.7,-76.2167,290.18,82,0,3.6,PE,1667877525
169,mwense,-10.3845,28.698,292.0,95,100,1.03,ZM,1667877526
170,vila,42.0304,-8.1588,283.64,89,92,4.1,PT,1667877526
171,pareora,-44.4871,171.2132,291.58,64,31,5.26,NZ,1667877526
172,uttaradit,17.6667,100.5,299.82,58,1,1.32,TH,1667877527
173,mogadishu,2.0371,45.3438,298.55,81,17,3.35,SO,1667877407
174,rosario,-32.9468,-60.6393,294.79,54,0,4.12,AR,1667877527
175,palora,-1.7,-77.9333,293.07,88,95,1.3,EC,1667877375
176,casimiro castillo,19.6,-104.4333,295.41,92,0,1.11,MX,1667877528
177,victoria point,-27.5833,153.3,297.97,71,100,4.02,AU,1667877528
178,dawei,14.0833,98.2,303.49,51,44,1.93,MM,1667877529
179,moussoro,13.6408,16.4901,298.68,21,15,4.84,TD,1667877529
180,skawina,49.9752,19.8287,282.1,80,100,1.07,PL,1667877529
181,costinesti,43.95,28.6333,281.17,82,21,1.34,RO,1667877530
182,baruun-urt,46.6806,113.2792,276.88,28,44,7.31,MN,1667877530
183,luanda,-8.8368,13.2343,298.15,88,75,3.6,AO,1667877390
184,arraial do cabo,-22.9661,-42.0278,292.94,81,100,2.47,BR,1667877530
185,dingle,10.9995,122.6711,302.99,75,97,3.9,PH,1667877531
186,sitka,57.0531,-135.33,272.09,37,0,2.57,US,1667877531
187,tezu,27.9167,96.1667,297.11,43,1,1.53,IN,1667877531
188,chuy,-33.6971,-53.4616,287.44,86,11,3.52,UY,1667877532
189,port hardy,50.6996,-127.4199,274.25,51,20,11.32,CA,1667877330
190,slubice,52.3509,14.5607,282.24,79,65,2.24,PL,1667877532
191,eirunepe,-6.6603,-69.8736,296.52,63,9,0.79,BR,1667877533
192,katsuura,35.1333,140.3,291.86,61,0,4.39,JP,1667877433
193,mabaruma,8.2,-59.7833,296.01,99,100,0.73,GY,1667877533
194,berlevag,70.8578,29.0864,273.15,86,20,4.12,NO,1667877533
195,georgetown,5.4112,100.3354,303.12,75,20,1.54,MY,1667877337
196,olinda,-8.0089,-34.8553,300.0,69,40,2.57,BR,1667877534
197,panara,22.0667,78.55,294.01,48,50,1.28,IN,1667877534
198,upernavik,72.7868,-56.1549,258.54,88,80,2.93,GL,1667877490
199,eureka,40.8021,-124.1637,280.49,91,100,2.68,US,1667877331
200,yulara,-25.2406,130.9889,306.06,22,75,8.75,AU,1667877535
201,hamilton,39.1834,-84.5333,285.8,39,75,4.12,US,1667877388
202,jutai,-5.1833,-68.9,297.01,63,21,0.63,BR,1667877536
203,chokurdakh,70.6333,147.9167,249.32,97,62,5.06,RU,1667877536
204,sao filipe,14.8961,-24.4956,298.41,67,100,2.27,CV,1667877537
205,portland,45.5234,-122.6762,278.96,93,100,1.79,US,1667877357
206,avera,33.194,-82.5271,292.88,74,3,2.57,US,1667877537
207,kidal,18.4411,1.4078,294.91,16,87,4.93,ML,1667877292
208,calderitas,18.55,-88.25,298.18,82,7,2.87,MX,1667877538
209,juba,4.8517,31.5825,295.65,74,100,0.38,SS,1667877538
210,beringovskiy,63.05,179.3167,270.65,95,100,6.48,RU,1667877538
211,emba,48.8264,58.1442,268.47,94,25,2.16,KZ,1667877539
212,verkhnyachka,48.8285,30.0396,276.55,69,59,2.77,UA,1667877539
213,ostrovnoy,68.0531,39.5131,270.42,97,65,2.29,RU,1667877539
214,inyonga,-6.7167,32.0667,292.95,79,100,1.82,TZ,1667877540
215,bilma,18.6853,12.9164,293.23,25,0,4.38,NE,1667877540
216,lasa,46.6166,10.7002,275.02,54,52,0.7,IT,1667877540
217,nouadhibou,20.931,-17.0347,293.14,73,7,4.63,MR,1667877541
218,dakar,14.6937,-17.4441,298.22,88,0,0.0,SN,1667877541
219,hwange,-18.3693,26.5019,295.68,72,100,0.92,ZW,1667877541
220,baniyas,35.1819,35.9487,288.31,75,100,2.07,SY,1667877542
221,elbrus,43.2577,42.6443,270.91,20,94,0.53,RU,1667877542
222,sakaiminato,35.55,133.2333,292.14,52,40,4.63,JP,1667877543
223,port lincoln,-34.7333,135.8667,299.9,43,100,6.08,AU,1667877434
224,miandrivazo,-19.5167,45.4667,297.9,75,96,0.62,MG,1667877543
225,pangnirtung,66.1451,-65.7125,258.51,61,64,2.72,CA,1667877543
226,ponta do sol,32.6667,-17.1,293.55,84,66,1.52,PT,1667877544
227,aylesbury,51.8167,-0.8146,287.2,89,100,1.34,GB,1667877544
228,santa rosa,14.3122,121.1114,303.2,75,97,4.69,PH,1667877545
229,slovenj gradec,46.5103,15.0806,282.18,94,7,1.48,SI,1667877545
230,kandrian,-6.2167,149.55,303.03,70,95,3.63,PG,1667877545
231,vila velha,-20.3297,-40.2925,295.34,86,100,1.54,BR,1667877546
232,lere,10.387,8.5726,291.52,35,39,1.39,NG,1667877546
233,port macquarie,-31.4333,152.9167,292.53,58,59,4.83,AU,1667877546
234,shingu,33.7333,135.9833,293.61,39,0,0.41,JP,1667877547
235,port hedland,-20.3167,118.5667,301.18,39,0,10.8,AU,1667877547
236,margate,51.3813,1.3862,288.65,78,99,5.81,GB,1667877547
237,nanchang,28.6833,115.8833,296.7,43,11,2.37,CN,1667877548
238,kavieng,-2.5744,150.7967,301.94,70,100,2.16,PG,1667877548
239,hasaki,35.7333,140.8333,292.37,51,0,5.4,JP,1667877549
240,khatanga,71.9667,102.5,259.41,96,100,1.46,RU,1667877549
241,songkhla,6.8333,100.6667,303.18,75,94,2.62,TH,1667877549
242,vestmannaeyjar,63.4427,-20.2734,280.16,86,100,8.94,IS,1667877550
243,salalah,17.0151,54.0924,296.2,73,0,1.03,OM,1667877550
244,neiafu,-18.65,-173.9833,301.53,65,20,4.12,TO,1667877550
245,nyahururu,0.0421,36.3673,285.17,80,92,1.9,KE,1667877551
246,horsham,51.064,-0.3272,288.88,77,100,7.72,GB,1667877475
247,jalu,29.0331,21.5482,289.53,83,0,3.95,LY,1667877551
248,padang,-0.9492,100.3543,301.18,74,100,1.12,ID,1667877551
249,sinnamary,5.3833,-52.95,298.15,89,100,2.92,GF,1667877552
250,buchanan,5.8808,-10.0467,298.19,87,96,1.91,LR,1667877552
251,voyvozh,62.892,54.9635,271.06,97,100,3.73,RU,1667877553
252,hargeysa,9.56,44.065,290.53,89,2,1.38,SO,1667877306
253,bang saphan,11.2126,99.5117,301.88,68,98,3.68,TH,1667877553
254,calabozo,8.9242,-67.4293,296.79,92,89,1.61,VE,1667877553
255,gandajika,-6.75,23.95,292.31,90,95,1.05,CD,1667877554
256,maniitsoq,65.4167,-52.9,264.59,55,0,3.12,GL,1667877554
257,warrnambool,-38.3833,142.4833,295.28,67,32,0.77,AU,1667877554
258,ellisville,38.5925,-90.5871,284.68,48,99,2.24,US,1667877555
259,nieuw amsterdam,5.8833,-55.0833,297.24,94,100,2.0,SR,1667877555
260,husavik,66.0449,-17.3389,277.41,93,100,5.84,IS,1667877556
261,sidi ali,36.0998,0.4206,290.59,68,3,1.03,DZ,1667877556
262,sorland,67.667,12.6934,279.07,68,7,10.14,NO,1667877556
263,pijijiapan,15.7011,-93.23,298.09,87,92,1.82,MX,1667877557
264,north bend,43.4065,-124.2243,279.35,94,100,5.14,US,1667877330
265,herat,34.5,62.0,279.05,80,100,5.65,AF,1667877557
266,kabinda,-6.1333,24.4833,292.54,86,100,1.56,CD,1667877558
267,tucuma,-0.1833,-50.05,296.25,97,100,1.9,BR,1667877558
268,mandera,3.9366,41.867,298.19,69,83,5.24,KE,1667877558
269,port augusta,-32.5,137.7667,304.38,24,97,8.59,AU,1667877559
270,belmonte,-15.8631,-38.8828,294.72,78,99,2.83,BR,1667877559
271,ancud,-41.8697,-73.8203,285.19,94,99,1.36,CL,1667877559
272,mizdah,31.4451,12.9801,283.47,80,0,0.68,LY,1667877560
273,pueblo nuevo,23.3833,-105.3833,284.76,53,0,2.72,MX,1667877560
274,vanimo,-2.6741,141.3028,301.26,80,100,0.75,PG,1667877560
275,sobolevo,54.4299,31.8996,278.45,89,100,4.85,RU,1667877561
276,tomatlan,19.9333,-105.25,294.58,94,0,0.86,MX,1667877561
277,ketchikan,55.3422,-131.6461,272.41,29,0,3.09,US,1667877562
278,saint-pierre,-21.3393,55.4781,297.97,57,0,1.54,RE,1667877562
279,nanakuli,21.3906,-158.1547,302.12,55,0,5.66,US,1667877562
280,mecca,21.4267,39.8261,297.09,66,0,0.67,SA,1667877563
281,talnakh,69.4865,88.3972,249.93,100,90,2.56,RU,1667877563
282,grand gaube,-20.0064,57.6608,298.36,68,62,1.34,MU,1667877564
283,nishihara,26.1842,127.7558,298.75,74,100,7.72,JP,1667877564
284,alice springs,-23.7,133.8833,308.9,15,62,5.14,AU,1667877291
285,krasnyy chikoy,50.3643,108.7512,274.19,54,99,1.32,RU,1667877565
286,kyaikkami,16.08,97.5675,299.87,69,7,3.41,MM,1667877565
287,tshikapa,-6.4167,20.8,294.04,99,100,0.8,CD,1667877565
288,iqaluit,63.7506,-68.5145,264.0,66,75,2.06,CA,1667877566
289,donskoye,45.4552,41.9741,277.22,85,100,6.61,RU,1667877566
290,tazovskiy,67.4667,78.7,265.18,96,100,4.02,RU,1667877566
291,punta de bombon,-17.1717,-71.7931,290.41,82,5,2.24,PE,1667877567
292,ndele,8.4109,20.6473,296.1,73,94,1.7,CF,1667877567
293,ormara,25.2088,64.6357,298.68,65,0,2.45,PK,1667877567
294,half moon bay,37.4636,-122.4286,285.28,78,0,6.69,US,1667877568
295,novelda,38.3848,-0.7677,287.91,83,8,1.25,ES,1667877568
296,nome,64.5011,-165.4064,274.19,100,100,12.35,US,1667877568
297,havoysund,70.9963,24.6622,278.28,72,24,3.66,NO,1667877569
298,paamiut,61.994,-49.6678,264.72,57,100,3.7,GL,1667877569
299,punto fijo,11.6956,-70.1996,300.96,77,95,2.53,VE,1667877570
300,oktyabrskoye,43.0645,44.7417,273.23,100,55,1.0,RU,1667877570
301,jiangkou,25.4872,119.1986,296.35,59,53,7.07,CN,1667877570
302,morondava,-20.2833,44.2833,299.17,75,57,2.15,MG,1667877571
303,svetlyy,54.675,20.1347,282.57,88,100,6.43,RU,1667877571
304,porto recanati,43.4365,13.6613,285.51,64,2,1.53,IT,1667877571
305,antofagasta,-23.65,-70.4,288.75,79,24,1.29,CL,1667877432
306,san pedro,14.35,121.0167,302.77,73,75,2.06,PH,1667877442
307,bengkulu,-3.8004,102.2655,298.59,83,100,1.26,ID,1667877431
308,jiazi,22.8779,116.067,296.37,75,96,5.87,CN,1667877572
309,miles city,46.4083,-105.8406,273.69,55,0,6.17,US,1667877572
310,sakakah,29.9697,40.2064,289.91,50,49,4.67,SA,1667877573
311,puerto del rosario,28.5004,-13.8627,295.01,83,100,5.14,ES,1667877288
312,kulhudhuffushi,6.6221,73.07,299.92,80,9,3.96,MV,1667877573
313,voh,-20.9667,164.7,299.46,79,100,5.71,NC,1667877574
314,bakchar,57.0186,82.0711,265.97,99,96,1.32,RU,1667877574
315,waingapu,-9.6567,120.2641,304.02,62,86,3.98,ID,1667877574
316,zharkent,44.1628,80.0,282.12,75,100,0.3,KZ,1667877575
317,evensk,61.95,159.2333,265.98,76,100,0.68,RU,1667877504
318,basco,20.4487,121.9702,299.32,82,26,8.55,PH,1667877576
319,tasiilaq,65.6145,-37.6368,271.71,96,100,2.49,GL,1667877576
320,kurumkan,54.3,110.3,273.39,67,44,3.04,RU,1667877576
321,komsomolskiy,40.4272,71.7189,281.55,81,40,0.0,UZ,1667877577
322,batavia,41.85,-88.3126,280.32,69,0,3.09,US,1667877577
323,buzmeyin,38.0507,58.2056,277.0,75,75,1.03,TM,1667877577
324,tura,25.5198,90.2201,296.73,64,1,0.57,IN,1667877578
325,provideniya,64.3833,-173.3,273.35,86,100,8.05,RU,1667877578
326,suluq,31.6682,20.2521,291.16,77,4,2.25,LY,1667877578
327,seoul,37.5683,126.9778,288.81,52,0,1.22,KR,1667877277
328,lebu,-37.6167,-73.65,284.75,87,100,4.69,CL,1667877579
329,kang,-23.6752,22.7876,288.15,93,1,3.06,BW,1667877579
330,dikson,73.5069,80.5464,258.83,95,98,3.36,RU,1667877579
331,kakching,24.4833,93.9833,295.03,65,0,0.89,IN,1667877580
332,eregli,37.5133,34.0467,282.72,75,73,1.02,TR,1667877580
333,mehamn,71.0357,27.8492,273.12,93,75,3.09,NO,1667877580
334,qasigiannguit,68.8193,-51.1922,251.41,90,14,2.29,GL,1667877581
335,trincomalee,8.5711,81.2335,299.88,76,100,3.86,LK,1667877581
336,capitao poco,-1.7464,-47.0594,296.68,92,98,1.64,BR,1667877581
337,kota kinabalu,5.9749,116.0724,304.14,74,20,1.54,MY,1667877582
338,castricum,52.5483,4.6694,285.36,73,86,4.02,NL,1667877582
339,tecolutla,20.4833,-97.0167,297.9,83,5,0.95,MX,1667877583
340,reforma,18.1,-91.0167,295.17,87,42,2.97,MX,1667877583
341,nizhniy tsasuchey,50.5167,115.1333,277.49,38,99,2.92,RU,1667877583
342,tautira,-17.7333,-149.15,297.83,83,24,4.88,PF,1667877584
343,chiliile,45.4255,26.5936,284.48,84,100,1.03,RO,1667877584
344,cururupu,-1.8283,-44.8683,297.7,90,86,1.83,BR,1667877585
345,shebalino,51.2917,85.6772,273.81,92,100,0.14,RU,1667877585
346,tabas,33.5959,56.9244,287.27,35,0,2.06,IR,1667877585
347,kushmurun,52.4503,64.6311,268.88,96,93,2.24,KZ,1667877586
348,fuyu,45.1833,124.8167,281.58,29,55,6.81,CN,1667877586
349,lorengau,-2.0226,147.2712,302.09,74,100,2.8,PG,1667877587
350,takoradi,4.8845,-1.7554,298.79,85,100,1.9,GH,1667877538
351,misratah,32.3754,15.0925,293.58,64,7,3.46,LY,1667877587
352,kibala,9.1104,18.3463,296.84,45,62,1.22,TD,1667877587
353,isiro,2.7739,27.616,291.8,99,100,0.79,CD,1667877588
354,sile,41.1754,29.6133,284.58,67,25,2.64,TR,1667877588
355,mushie,-3.0167,16.9,295.09,96,100,0.92,CD,1667877589
356,bud,39.447,-86.1758,284.85,45,100,4.68,US,1667877589
357,port-gentil,-0.7193,8.7815,298.99,85,100,4.11,GA,1667877589
358,paita,-5.0892,-81.1144,290.43,86,10,5.13,PE,1667877590
359,coquimbo,-29.9533,-71.3436,287.0,94,100,3.09,CL,1667877590
360,san jose,37.3394,-121.895,285.38,77,40,6.17,US,1667877535
361,winnemucca,40.973,-117.7357,274.18,86,100,5.66,US,1667877590
362,rudbar,30.15,62.6,292.9,32,43,1.61,AF,1667877591
363,sept-iles,50.2001,-66.3821,277.07,83,20,5.14,CA,1667877516
364,kahului,20.8947,-156.47,301.16,70,20,7.72,US,1667877591
365,cabedelo,-6.9811,-34.8339,297.52,76,67,3.11,BR,1667877592
366,rosario do sul,-30.2583,-54.9142,285.69,73,0,4.07,BR,1667877592
367,liverpool,53.4106,-2.9779,284.98,87,40,7.2,GB,1667877504
368,kigorobya,1.6162,31.3089,292.53,91,100,2.02,UG,1667877359
369,hobyo,5.3505,48.5268,299.68,74,29,2.5,SO,1667877592
370,trairi,-3.2778,-39.2689,298.69,71,73,3.79,BR,1667877373
371,morant bay,17.8815,-76.4093,299.94,78,22,0.94,JM,1667877593
372,fuling,29.7022,107.3919,295.08,58,100,0.5,CN,1667877593
373,berbera,10.4396,45.0143,298.82,81,7,2.03,SO,1667877594
374,port-cartier,50.0334,-66.8654,276.9,59,38,8.08,CA,1667877594
375,cabo san lucas,22.8909,-109.9124,296.21,75,0,3.6,MX,1667877594
376,marsh harbour,26.5412,-77.0636,299.2,71,0,12.86,BS,1667877595
377,hofn,64.2539,-15.2082,279.42,92,100,11.05,IS,1667877595
378,mahanoro,-19.9,48.8,294.41,83,82,1.94,MG,1667877595
379,chavakachcheri,9.6579,80.1643,299.77,82,97,4.11,LK,1667877596
380,sambava,-14.2667,50.1667,294.26,84,100,3.34,MG,1667877596
381,harstad,68.799,16.5293,275.71,100,76,1.79,NO,1667877597
382,muncar,-8.4333,114.3333,302.73,68,75,2.12,ID,1667877597
383,mahebourg,-20.4081,57.7,297.73,73,40,3.6,MU,1667877469
384,namatanai,-3.6667,152.4333,301.9,73,99,3.21,PG,1667877597
385,sokolskoye,57.1412,43.1589,275.61,93,100,5.96,RU,1667877598
386,manyana,-23.4,21.7167,287.18,90,0,2.56,BW,1667877598
387,torbay,47.6666,-52.7314,288.01,97,75,8.75,CA,1667877598
388,bijar,35.8668,47.6051,274.98,81,100,1.88,IR,1667877599
389,kalmunai,7.4167,81.8167,299.68,80,99,3.74,LK,1667877599
390,ambulu,-8.345,113.6058,303.0,67,74,1.51,ID,1667877599
391,usinsk,65.9939,57.5281,270.12,97,100,5.76,RU,1667877600
392,vostok,46.4856,135.8833,274.79,54,59,4.53,RU,1667877600
393,paciran,-6.8767,112.3761,302.77,64,86,1.04,ID,1667877601
394,north platte,41.1239,-100.7654,280.58,43,0,7.2,US,1667877503
395,laguna,38.421,-121.4238,284.25,79,40,3.6,US,1667877601
396,hambantota,6.1241,81.1185,300.02,75,100,0.68,LK,1667877602
397,aksaray,38.3726,34.0254,281.32,80,62,2.68,TR,1667877602
398,muros,42.7762,-9.0603,289.31,83,100,7.13,ES,1667877602
399,aberystwyth,52.4155,-4.0829,282.99,87,75,9.11,GB,1667877603
400,amapa,1.0,-52.0,294.4,100,100,0.83,BR,1667877603
401,henties bay,-22.116,14.2845,289.1,91,2,2.65,NA,1667877603
402,salihorsk,52.7876,27.5415,279.13,93,62,3.37,BY,1667877604
403,fukue,32.6881,128.8419,294.35,46,20,3.6,JP,1667877604
404,liancheng,24.0519,105.075,292.67,61,0,1.23,CN,1667877605
405,kribi,2.95,9.9167,298.43,91,100,2.43,CM,1667877605
406,mareeba,-17.0,145.4333,303.95,59,8,3.86,AU,1667877605
407,iquique,-20.2208,-70.1431,289.17,66,0,0.31,CL,1667877606
408,paso de carrasco,-34.8603,-56.0522,288.23,77,0,1.03,UY,1667877606
409,porto novo,6.4965,2.6036,300.05,89,68,1.31,BJ,1667877607
410,acapulco,16.8634,-99.8901,300.05,89,20,2.06,MX,1667877607
411,shimoda,34.6667,138.95,293.35,59,2,2.03,JP,1667877359
412,harper,4.375,-7.7169,298.61,85,100,2.56,LR,1667877608
413,amga,60.8953,131.9608,255.48,85,100,1.23,RU,1667877608
414,yar-sale,66.8333,70.8333,267.61,97,100,1.72,RU,1667877608
415,jovellar,13.0695,123.5999,303.43,68,100,3.53,PH,1667877609
416,kaeo,-35.1,173.7833,291.66,87,99,4.7,NZ,1667877609
417,sherlovaya gora,50.5667,116.25,273.21,55,77,3.34,RU,1667877609
418,kastaneai,41.65,26.4667,282.69,84,100,1.6,GR,1667877610
419,yarada,17.65,83.2667,300.33,74,19,1.03,IN,1667877610
420,gamba,-2.65,10.0,297.77,91,61,2.87,GA,1667877611
421,sungai besar,3.6746,100.9867,302.56,68,94,1.0,MY,1667877611
422,kieta,-6.2167,155.6333,301.6,80,67,4.25,PG,1667877611
423,barahona,18.2085,-71.1008,297.61,80,1,1.67,DO,1667877612
424,san felipe,10.3399,-68.7425,295.66,91,81,1.57,VE,1667877612
425,bilibino,68.0546,166.4372,253.3,95,44,1.95,RU,1667877612
426,deputatskiy,69.3,139.9,251.89,93,100,2.55,RU,1667877613
427,atasu,48.6814,71.6433,270.97,67,95,2.16,KZ,1667877350
428,cidreira,-30.1811,-50.2056,289.71,81,23,5.19,BR,1667877613
429,zeerust,-25.5369,26.0751,289.6,95,100,3.87,ZA,1667877614
430,sanghar,26.0466,68.9481,295.59,40,6,3.57,PK,1667877614
431,san vicente,-26.6167,-54.1333,284.21,83,0,1.57,AR,1667877614
432,brae,60.3964,-1.353,284.65,96,100,10.17,GB,1667877615
433,saint anthony,45.0205,-93.218,275.83,68,0,4.12,US,1667877331
434,gat,31.61,34.7642,290.81,100,14,4.77,IL,1667877615
435,los llanos de aridane,28.6585,-17.9182,292.01,45,0,4.63,ES,1667877616
436,poum,-20.2333,164.0167,298.64,81,99,7.36,NC,1667877616
437,ucluelet,48.9329,-125.5528,274.31,85,85,5.92,CA,1667877616
438,kushima,31.4583,131.2333,295.23,55,1,2.65,JP,1667877617
439,darnah,32.767,22.6367,292.22,72,0,5.87,LY,1667877617
440,alugan,12.2188,125.4808,301.71,79,100,2.44,PH,1667877617
441,wilmington,34.2257,-77.9447,293.63,86,75,0.89,US,1667877618
442,naze,28.3667,129.4833,296.66,58,6,3.93,JP,1667877618
443,ribeira grande,38.5167,-28.7,290.8,70,100,0.45,PT,1667877618
444,gravatai,-29.9444,-50.9919,290.01,95,20,3.6,BR,1667877619
445,bumba,2.1833,22.4667,293.71,97,97,0.25,CD,1667877619
446,vung tau,10.346,107.0843,300.22,77,100,1.76,VN,1667877620
447,san cristobal,7.7669,-72.225,292.25,95,100,1.06,VE,1667877614
448,green river,41.5286,-109.4662,283.7,42,100,3.13,US,1667877620
449,ola,59.5833,151.2833,268.23,68,100,9.09,RU,1667877621
450,new glasgow,45.5834,-62.6486,285.03,62,28,7.73,CA,1667877621
451,maldonado,-34.6667,-54.9167,286.81,95,0,2.87,UY,1667877621
452,lata,40.1629,-8.3327,288.66,90,100,3.15,PT,1667877622
453,laukaa,58.7372,29.8453,278.49,94,100,4.15,RU,1667877622
454,malanje,-9.5402,16.341,289.83,98,100,1.81,AO,1667877622
455,carutapera,-1.195,-46.02,297.64,92,95,2.93,BR,1667877623
456,wasilla,61.5814,-149.4394,273.67,61,100,6.17,US,1667877623
457,spasskoye,44.6108,132.7969,278.58,47,3,3.13,RU,1667877623
458,taksimo,56.3444,114.8794,267.65,85,100,0.6,RU,1667877624
459,abu samrah,35.3029,37.1841,286.17,84,100,1.08,SY,1667877624
460,hokitika,-42.7167,170.9667,289.37,67,11,2.91,NZ,1667877625
461,vammala,61.3333,22.9,280.69,98,100,0.89,FI,1667877627
462,reitz,-27.8014,28.4273,285.91,94,100,2.49,ZA,1667877627
463,itacoatiara,-3.1431,-58.4442,296.3,96,92,0.44,BR,1667877628
464,shihezi,44.3,86.0333,281.54,52,7,2.05,CN,1667877628
465,cockburn town,21.4612,-71.1419,300.03,72,22,2.58,TC,1667877629
466,lakes entrance,-37.8811,147.981,298.8,56,2,3.67,AU,1667877629
467,micheweni,-4.9667,39.8333,298.19,87,11,1.97,TZ,1667877629
468,quatre cocos,-20.2078,57.7625,298.2,74,75,5.11,MU,1667877630
469,natal,-5.795,-35.2094,298.27,78,20,3.09,BR,1667877630
470,abnub,27.2696,31.1511,290.36,58,47,2.51,EG,1667877630
471,namibe,-15.1961,12.1522,292.93,76,0,3.09,AO,1667877631
472,lollar,50.6465,8.705,283.93,95,44,2.26,DE,1667877631
473,sosnovo,60.5514,30.2144,277.38,92,100,4.8,RU,1667877631
474,alacranes,22.7675,-81.5675,296.42,85,0,2.84,CU,1667877632
475,batagay-alyta,67.8006,130.4114,256.09,85,100,0.87,RU,1667877632
476,wakkanai,45.4094,141.6739,280.14,87,75,3.09,JP,1667877633
477,korla,41.7597,86.1469,283.28,34,9,1.73,CN,1667877633
478,villa carlos paz,-31.4241,-64.4978,293.37,51,4,2.23,AR,1667877633
479,imbituba,-28.24,-48.6703,291.96,89,94,3.23,BR,1667877634
480,prescott,34.54,-112.4685,283.42,45,0,2.06,US,1667877634
481,jiwani,25.05,61.7417,299.87,70,0,2.88,PK,1667877634
482,lazaro cardenas,17.9583,-102.2,298.6,85,1,1.07,MX,1667877635
483,nhulunbuy,-12.2333,136.7667,306.49,49,40,5.66,AU,1667877635
484,huarmey,-10.0681,-78.1522,291.27,83,58,3.05,PE,1667877635
485,ballina,-28.8667,153.5667,291.36,83,96,2.63,AU,1667877636
486,olafsvik,64.8945,-23.7142,279.11,74,100,8.37,IS,1667877636
487,ust-nera,64.5667,143.2,246.11,97,86,2.02,RU,1667877637
488,neuquen,-38.9516,-68.0591,300.09,19,40,5.66,AR,1667877637
489,batemans bay,-35.7167,150.1833,293.76,56,0,6.07,AU,1667877570
490,asau,46.4333,26.4,277.75,85,100,1.39,RO,1667877637
491,aksu,41.1231,80.2644,282.24,34,72,1.15,CN,1667877638
492,pacific grove,36.6177,-121.9166,285.97,73,40,3.58,US,1667877481
493,bouca,6.5105,18.2733,295.69,75,96,1.49,CF,1667877638
494,ubinskoye,55.3068,79.6802,270.58,94,95,1.61,RU,1667877639
495,stepnogorsk,52.3544,71.8869,269.76,90,95,1.72,KZ,1667877639
496,karlstad,59.3793,13.5036,278.46,90,100,1.54,SE,1667877457
497,constitucion,-35.3333,-72.4167,286.06,77,99,3.72,CL,1667877639
498,esmeralda,21.8525,-78.1169,296.22,84,1,2.27,CU,1667877640
499,zhuanghe,39.7008,122.9911,284.43,39,2,1.25,CN,1667877640
500,araouane,18.9048,-3.5265,294.66,15,0,3.58,ML,1667877640
501,lima,-12.0432,-77.0282,290.87,80,0,4.12,PE,1667877473
502,puerto escondido,15.85,-97.0667,300.61,61,40,2.06,MX,1667877641
503,atbasar,51.8,68.3333,267.86,95,41,2.47,KZ,1667877641
504,maymyo,22.0333,96.4667,293.82,65,0,1.06,MM,1667877642
505,chiredzi,-21.05,31.6667,295.8,76,98,2.81,ZW,1667877642
506,morro bay,35.3658,-120.8499,284.45,87,35,0.45,US,1667877642
507,viesca,25.35,-102.8,295.94,48,0,3.35,MX,1667877643
508,fairview,40.8126,-73.999,289.94,27,0,9.26,US,1667877643
509,raudeberg,61.9875,5.1352,280.85,71,20,5.32,NO,1667877644
510,havre-saint-pierre,50.2334,-63.5986,278.15,87,0,9.26,CA,1667877644
511,jiexiu,37.0244,111.9125,284.7,42,90,1.0,CN,1667877644
512,cabimas,10.3883,-71.4399,299.73,83,98,4.13,VE,1667877645
513,grindavik,63.8424,-22.4338,280.12,81,100,6.17,IS,1667877645
514,oranjemund,-28.55,16.4333,288.01,94,38,2.71,NA,1667877645
515,arumbavur,11.3833,78.7333,299.02,77,28,2.85,IN,1667877552
516,tynda,55.1667,124.7167,263.85,87,89,0.63,RU,1667877646
517,terra santa,-2.1042,-56.4869,296.19,95,100,0.3,BR,1667877646
518,tuatapere,-46.1333,167.6833,292.22,52,68,2.86,NZ,1667877647
519,honiara,-9.4333,159.95,302.68,74,40,3.34,SB,1667877647
520,kitimat,54.0524,-128.6534,267.36,46,18,5.19,CA,1667877647
521,san quintin,30.4833,-115.95,290.76,87,1,4.15,MX,1667877648
522,oakdale,44.963,-92.9649,275.83,69,0,3.09,US,1667877648
523,hearst,49.6835,-83.6665,271.29,83,71,4.01,CA,1667877648
524,yerbogachen,61.2767,108.0108,265.94,92,100,3.51,RU,1667877649
525,shalakusha,62.2247,40.2539,275.47,96,100,3.6,RU,1667877649
526,keti bandar,24.1447,67.4497,298.38,67,2,2.46,PK,1667877649
527,ulladulla,-35.35,150.4667,294.39,56,3,6.72,AU,1667877650
528,tanout,14.9709,8.8879,294.74,18,4,4.45,NE,1667877650
529,westport,41.1415,-73.3579,289.44,40,0,6.69,US,1667877651
530,kargil,34.5667,76.1,270.74,34,4,1.28,IN,1667877651
531,zabid,14.1951,43.3152,299.14,67,1,1.24,YE,1667877651
532,maharajganj,27.1333,83.5667,296.16,64,100,1.11,IN,1667877652
533,lagoa,39.05,-27.9833,290.22,69,100,7.8,PT,1667877652
534,wiang sa,8.6359,99.3666,304.42,74,96,1.18,TH,1667877653
535,mandiana,10.6333,-8.6833,298.22,44,78,1.99,GN,1667877653
536,brigantine,39.4101,-74.3646,291.48,65,0,3.09,US,1667877653
537,atikokan,48.7555,-91.6216,270.5,82,100,1.66,CA,1667877654
538,celestun,20.8667,-90.4,298.63,82,26,5.04,MX,1667877654
539,baia de fier,45.1667,23.7667,282.03,86,96,1.23,RO,1667877654
540,sao miguel do araguaia,-13.275,-50.1628,297.33,67,57,1.77,BR,1667877655
541,carman,49.4992,-98.0016,270.34,86,100,5.14,CA,1667877655
542,penzance,50.1186,-5.5371,286.53,84,30,14.31,GB,1667877656
543,mattru,7.6244,-11.8332,296.36,96,91,0.71,SL,1667877656
544,krasnoselkup,65.7,82.4667,267.57,96,100,2.8,RU,1667877656
545,leua,48.2156,18.6071,280.09,89,96,1.02,SK,1667877657
546,caluquembe,-13.7833,14.6833,287.89,95,87,1.18,AO,1667877657
547,flin flon,54.7682,-101.865,259.96,86,100,3.65,CA,1667877657
548,ampanihy,-24.7,44.75,295.29,70,1,1.61,MG,1667877658
549,bintulu,3.1667,113.0333,304.38,70,40,2.57,MY,1667877658
550,bage,-31.3314,-54.1069,285.03,87,0,2.57,BR,1667877658
551,belen,36.4891,36.2233,283.23,100,75,0.0,TR,1667877659
552,camacha,33.0833,-16.3333,290.83,94,40,1.03,PT,1667877659
553,ponta delgada,37.7333,-25.6667,288.55,82,40,2.57,PT,1667877659
554,mitzic,0.7821,11.549,292.79,99,100,0.43,GA,1667877660
555,kjollefjord,70.9457,27.3465,278.18,93,75,3.09,NO,1667877660
556,luancheng,37.8792,114.6517,286.24,24,0,2.05,CN,1667877660
557,worthington,40.0931,-83.018,283.52,46,0,4.12,US,1667877506
558,bar harbor,44.3876,-68.2039,285.32,46,20,7.6,US,1667877661
559,velyka lepetykha,47.1757,33.9436,276.35,81,44,3.56,UA,1667877662
560,oktyabrskiy,54.4815,53.471,269.5,96,97,2.5,RU,1667877662
561,kumbo,6.2,10.6667,287.57,80,100,1.07,CM,1667877663
562,juneau,58.3019,-134.4197,269.94,80,20,1.54,US,1667877663
563,kudahuvadhoo,2.6708,72.8944,300.43,75,17,4.51,MV,1667877663
564,say,13.1007,2.3689,296.46,16,5,3.51,NE,1667877664
565,xuddur,4.1213,43.8894,294.31,92,54,3.32,SO,1667877664
566,nortelandia,-14.4547,-56.8028,295.28,42,0,0.91,BR,1667877664
567,aborlan,9.4352,118.5492,304.19,70,100,3.56,PH,1667877665
568,broken hill,-31.95,141.4333,299.39,30,100,2.99,AU,1667877556
