City,Lat,Lng,Max Temp,Humidity,Cloudiness,Wind Speed,Country,Date
ornskoldsvik,63.2909,18.7153,273.68,93,100,2.57,SE,1667863166
avarua,-21.2078,-159.775,298.18,69,75,3.6,CK,1667863166
coihaique,-45.5752,-72.0662,287.49,82,75,2.06,CL,1667863166
victoria,22.2855,114.1577,295.51,91,99,4.92,HK,1667862914
georgetown,5.4112,100.3354,299.95,88,20,0.0,MY,1667863167
codrington,-38.2667,141.9667,294.1,71,3,4.5,AU,1667863168
vaini,-21.2,-175.2,300.24,69,20,4.63,TO,1667863061
severo-kurilsk,50.6789,156.125,275.33,86,87,4.05,RU,1667863168
raudeberg,61.9875,5.1352,280.52,57,45,3.95,NO,1667863169
butaritari,3.0707,172.7902,299.92,74,46,2.83,KI,1667863148
jamestown,42.097,-79.2353,282.92,57,0,2.57,US,1667863147
antofagasta,-23.65,-70.4,288.75,79,36,2.96,CL,1667862906
caldwell,43.6629,-116.6874,282.33,50,0,3.6,US,1667863170
kapaa,22.0752,-159.319,302.14,72,0,6.69,US,1667863000
mataura,-46.1927,168.8643,291.75,44,68,1.88,NZ,1667863066
nador,35.174,-2.9287,290.29,77,0,1.54,MA,1667862935
rujiena,57.8975,25.3316,279.29,90,100,5.04,LV,1667863171
longyearbyen,78.2186,15.6401,269.06,80,75,5.14,SJ,1667863171
punta arenas,-53.15,-70.9167,288.21,63,75,9.26,CL,1667863171
new norfolk,-42.7826,147.0587,293.87,49,76,0.45,AU,1667863062
castro,-24.7911,-50.0119,285.06,81,10,3.3,BR,1667863070
yellowknife,62.456,-114.3525,259.44,78,75,2.06,CA,1667863172
tuktoyaktuk,69.4541,-133.0374,256.15,78,40,4.12,CA,1667863172
sargatskoye,55.6101,73.4972,270.08,89,100,0.73,RU,1667863173
poum,-20.2333,164.0167,298.8,79,99,4.79,NC,1667863173
bhadasar,28.2833,74.3167,296.41,33,28,3.67,IN,1667863174
coquimbo,-29.9533,-71.3436,288.0,82,100,3.6,CL,1667863174
ilulissat,69.2167,-51.1,251.53,88,20,2.87,GL,1667863174
camacha,33.0833,-16.3333,290.83,94,40,1.03,PT,1667863175
bambous virieux,-20.3428,57.7575,295.29,83,20,1.54,MU,1667863175
kahului,20.8947,-156.47,305.16,59,40,11.83,US,1667862952
souillac,-20.5167,57.5167,295.36,83,20,1.54,MU,1667863175
fortuna,40.5982,-124.1573,283.52,94,100,2.68,US,1667863176
itamaraca,-7.7478,-34.8256,300.18,76,30,2.84,BR,1667863176
nizwa,22.9333,57.5333,297.42,46,65,0.67,OM,1667863176
qazvin,36.2797,50.0049,275.94,81,0,1.03,IR,1667863177
dikson,73.5069,80.5464,258.14,94,100,4.54,RU,1667863177
ushuaia,-54.8,-68.3,288.96,51,75,8.23,AR,1667862941
airai,-8.9266,125.4092,292.37,75,100,0.06,TL,1667863118
fort nelson,58.8053,-122.7002,258.92,61,20,1.54,CA,1667863178
mahebourg,-20.4081,57.7,295.31,83,20,1.54,MU,1667863178
omboue,-1.5746,9.2618,297.83,91,100,2.62,GA,1667863178
saint-philippe,-21.3585,55.7679,294.92,80,66,4.46,RE,1667863009
rikitea,-23.1203,-134.9692,296.2,92,100,10.17,PF,1667863179
provideniya,64.3833,-173.3,273.21,74,100,8.0,RU,1667863179
barcelos,41.5388,-8.6151,290.33,92,70,4.96,PT,1667863180
tasiilaq,65.6145,-37.6368,275.24,95,100,3.89,GL,1667863180
hilo,19.7297,-155.09,301.07,74,75,3.6,US,1667863180
vestmannaeyjar,63.4427,-20.2734,278.79,86,99,7.62,IS,1667863181
hithadhoo,-0.6,73.0833,300.43,78,83,8.45,MV,1667862931
akom,2.6678,12.7109,293.65,90,100,0.38,CM,1667863181
east london,-33.0153,27.9116,293.63,87,100,5.8,ZA,1667863182
bluff,-46.6,168.3333,291.93,68,65,2.53,NZ,1667863182
busselton,-33.65,115.3333,287.45,77,7,5.55,AU,1667863141
bengkulu,-3.8004,102.2655,296.48,91,100,1.29,ID,1667863182
port elizabeth,-33.918,25.5701,290.55,87,100,4.47,ZA,1667863145
sisimiut,66.9395,-53.6735,261.64,84,8,4.64,GL,1667863183
antalaha,-14.9003,50.2788,293.97,83,70,2.34,MG,1667863183
cayenne,4.9333,-52.3333,298.17,94,0,0.0,GF,1667863184
nemuro,43.3236,145.575,280.42,64,98,1.62,JP,1667863184
zabol,32.25,67.25,281.66,42,0,2.12,AF,1667863184
namibe,-15.1961,12.1522,293.41,76,2,3.92,AO,1667863185
hermanus,-34.4187,19.2345,285.26,87,30,3.45,ZA,1667862932
homer,59.6425,-151.5483,276.09,82,100,6.17,US,1667863185
altamont,42.2068,-121.7372,276.06,76,75,6.69,US,1667863185
kyaikto,17.3,97.0167,295.19,81,28,1.84,MM,1667863186
kloulklubed,7.0419,134.2556,300.43,68,100,1.44,PW,1667862919
zacatepec,18.65,-99.2,304.58,48,11,0.75,MX,1667863186
olafsvik,64.8945,-23.7142,279.32,75,98,6.05,IS,1667863187
esperance,-33.8667,121.9,288.06,81,100,7.03,AU,1667863087
morwell,-38.2333,146.4,296.15,47,3,1.18,AU,1667863187
luderitz,-26.6481,15.1594,289.85,86,23,3.57,NA,1667863187
grindavik,63.8424,-22.4338,279.41,87,100,6.69,IS,1667863188
isangel,-19.55,169.2667,297.21,88,100,4.12,VU,1667863188
cabo san lucas,22.8909,-109.9124,300.76,64,20,7.72,MX,1667863174
norman wells,65.282,-126.8329,258.17,78,20,4.12,CA,1667863189
pevek,69.7008,170.3133,256.23,95,11,1.29,RU,1667863189
mehran,33.1222,46.1646,291.06,24,0,2.32,IR,1667863189
saldanha,-33.0117,17.9442,288.85,87,21,2.64,ZA,1667863190
osakarovka,50.565,72.5692,268.94,81,83,1.32,KZ,1667863190
vesyegonsk,58.664,37.2604,274.48,94,100,3.65,RU,1667863191
broome,42.2506,-75.833,284.82,52,0,5.66,US,1667863191
gimbi,9.1667,35.8333,285.18,87,59,0.9,ET,1667863191
naze,28.3667,129.4833,292.66,64,12,4.45,JP,1667863089
constantine,36.365,6.6147,284.82,46,0,0.51,DZ,1667863192
warmbad,-28.45,18.7333,295.01,50,98,1.46,NA,1667863192
salinas,36.6777,-121.6555,288.57,46,0,2.57,US,1667863131
bathsheba,13.2167,-59.5167,301.49,78,40,7.72,BB,1667863192
rawlins,41.7911,-107.2387,285.09,37,0,7.2,US,1667863193
gebze,40.8028,29.4307,285.4,93,20,3.6,TR,1667863193
hofn,64.2539,-15.2082,278.94,92,100,10.65,IS,1667863193
harlingen,26.1906,-97.6961,302.07,78,0,6.17,US,1667862919
narsaq,60.9167,-46.05,272.27,81,99,3.02,GL,1667863194
jaciara,-15.9653,-54.9683,298.51,31,0,2.03,BR,1667863194
khatanga,71.9667,102.5,258.18,97,99,2.03,RU,1667863195
ribeira grande,38.5167,-28.7,290.25,70,100,3.13,PT,1667863195
cedar city,37.6775,-113.0619,286.69,38,0,10.29,US,1667862936
narok,-1.0783,35.8601,286.76,89,73,1.57,KE,1667863195
mandurah,-32.55,115.7,290.86,76,12,5.03,AU,1667863196
lebu,-37.6167,-73.65,286.24,80,36,4.71,CL,1667862930
port alfred,-33.5906,26.891,291.03,90,100,1.34,ZA,1667863196
poronaysk,49.2167,143.1167,273.71,65,60,2.32,RU,1667863197
sitka,57.0531,-135.33,276.09,32,0,5.14,US,1667863197
kirensk,57.7853,108.1119,268.25,88,87,4.96,RU,1667863197
carnarvon,-24.8667,113.6333,292.86,59,37,6.54,AU,1667863198
nikolskoye,59.7035,30.7861,277.09,94,100,3.37,RU,1667862947
san patricio,28.017,-97.5169,301.55,70,3,5.1,US,1667863198
waitati,-45.75,170.5667,289.36,60,34,2.3,NZ,1667863198
dong hoi,17.4833,106.6,295.31,82,60,3.47,VN,1667863199
port-cartier,50.0334,-66.8654,279.97,63,30,7.98,CA,1667863199
sundumbili,-29.1337,31.3975,294.01,91,100,0.37,ZA,1667863199
kalmar,56.6616,16.3616,283.69,93,87,3.09,SE,1667863200
vzmorye,54.6961,20.2361,282.2,83,100,6.82,RU,1667863200
labuhan,-6.8844,112.2051,298.88,84,100,2.98,ID,1667863200
arraial do cabo,-22.9661,-42.0278,294.13,78,75,1.03,BR,1667863201
puerto ayora,-0.7393,-90.3518,292.9,84,89,1.79,EC,1667863201
guerrero negro,27.9769,-114.0611,293.56,67,81,6.56,MX,1667863201
ancud,-41.8697,-73.8203,285.61,94,82,2.46,CL,1667863056
fairbanks,64.8378,-147.7164,266.38,72,75,1.03,US,1667862931
kannur,11.8675,75.3576,295.96,80,36,2.66,IN,1667863202
bredasdorp,-34.5322,20.0403,287.66,88,35,2.16,ZA,1667863203
grafton,42.207,-71.6856,292.1,31,0,7.72,US,1667863203
great yarmouth,52.6083,1.7305,287.29,79,100,11.14,GB,1667863204
ostrovnoy,68.0531,39.5131,272.35,94,97,2.02,RU,1667863204
kruisfontein,-34.0033,24.7314,287.74,81,100,3.1,ZA,1667863204
sept-iles,50.2001,-66.3821,280.15,76,100,7.72,CA,1667862998
klaksvik,62.2266,-6.589,282.66,91,98,14.46,FO,1667863205
dingle,10.9995,122.6711,299.08,90,62,2.37,PH,1667863205
alofi,-19.0595,-169.9187,300.09,61,40,5.66,NU,1667863206
fare,-16.7,-151.0167,299.18,76,6,3.4,PF,1667863206
irbit,57.6705,63.071,268.1,94,100,2.93,RU,1667863207
aksu,41.1231,80.2644,279.29,42,21,0.97,CN,1667863207
brae,60.3964,-1.353,283.74,96,100,9.98,GB,1667863100
tuatapere,-46.1333,167.6833,291.2,50,97,1.35,NZ,1667863075
basco,20.4487,121.9702,299.39,81,13,9.73,PH,1667863208
hobyo,5.3505,48.5268,299.7,74,14,3.16,SO,1667863074
kandrian,-6.2167,149.55,299.61,85,99,2.7,PG,1667863208
sterling,39.0062,-77.4286,295.15,45,0,3.6,US,1667863186
mount isa,-20.7333,139.5,305.02,33,0,4.12,AU,1667863208
kodiak,57.79,-152.4072,276.88,87,100,9.26,US,1667863209
kaitangata,-46.2817,169.8464,289.4,58,58,0.93,NZ,1667863209
cape town,-33.9258,18.4232,289.33,85,18,0.45,ZA,1667862948
muros,42.7762,-9.0603,290.75,91,63,9.14,ES,1667863210
upington,-28.4478,21.2561,291.36,72,0,3.09,ZA,1667863210
pouembout,-21.1333,164.9,300.41,73,97,4.67,NC,1667863211
hobart,-42.8794,147.3294,294.07,65,0,4.12,AU,1667863027
namatanai,-3.6667,152.4333,302.09,70,85,2.28,PG,1667862959
karasjok,69.4719,25.5112,271.67,93,94,3.33,NO,1667863211
nanortalik,60.1432,-45.2371,270.29,89,100,1.44,GL,1667863211
port-de-bouc,43.4,4.9833,288.47,72,0,3.6,FR,1667863212
albany,42.6001,-73.9662,286.28,39,2,0.45,US,1667862930
marovoay,-16.1,46.6333,298.15,81,49,1.01,MG,1667863212
mar del plata,-38.0023,-57.5575,290.98,88,0,7.2,AR,1667863144
ukiah,39.1502,-123.2078,283.23,84,100,2.06,US,1667863046
liverpool,53.4106,-2.9779,287.45,84,75,7.72,GB,1667862676
thinadhoo,0.5333,72.9333,300.83,76,71,7.89,MV,1667863213
yerbogachen,61.2767,108.0108,266.19,96,100,2.89,RU,1667862945
barrow,71.2906,-156.7887,268.16,86,100,10.8,US,1667862950
port lincoln,-34.7333,135.8667,297.44,45,99,7.0,AU,1667862935
kalmunai,7.4167,81.8167,297.55,89,100,3.07,LK,1667863214
bavly,54.393,53.2602,269.74,94,100,2.43,RU,1667863214
yarega,63.4354,53.5765,271.72,97,100,3.56,RU,1667863215
banda aceh,5.5577,95.3222,299.4,77,100,3.69,ID,1667863215
hohhot,40.8106,111.6522,267.31,68,0,2.0,CN,1667863215
tezu,27.9167,96.1667,290.08,59,0,1.62,IN,1667863216
lompoc,34.6391,-120.4579,289.18,91,75,3.6,US,1667863216
khanpur,28.6453,70.6567,292.78,51,0,4.07,PK,1667863216
deputatskiy,69.3,139.9,252.39,95,100,2.52,RU,1667863217
makakilo city,21.3469,-158.0858,302.33,58,40,7.72,US,1667863217
pirapozinho,-22.2753,-51.5,295.86,38,0,3.09,BR,1667863217
mount gambier,-37.8333,140.7667,294.57,59,0,3.45,AU,1667863218
faanui,-16.4833,-151.75,299.17,75,14,3.1,PF,1667863218
ajaccio,42.0,8.9167,284.14,82,0,3.09,FR,1667863018
krasnovishersk,60.4078,57.082,270.01,98,100,1.68,RU,1667863219
leningradskiy,69.3833,178.4167,263.36,87,100,2.56,RU,1667863219
atar,20.5169,-13.0499,299.69,16,0,1.05,MR,1667863219
upernavik,72.7868,-56.1549,260.45,86,95,2.19,GL,1667863220
kupang,-10.1667,123.5833,300.82,78,100,1.55,ID,1667863220
guiren,33.6697,118.1889,284.34,82,19,3.15,CN,1667863220
shaki,41.0833,47.1667,280.12,79,99,0.99,AZ,1667863221
kavieng,-2.5744,150.7967,301.3,73,94,1.87,PG,1667863221
sinop,41.7711,34.8709,283.69,95,100,1.41,TR,1667863221
cherskiy,68.75,161.3,250.96,99,15,1.17,RU,1667863222
maniitsoq,65.4167,-52.9,264.9,55,0,3.06,GL,1667863222
vardo,70.3705,31.1107,274.14,93,100,3.09,NO,1667863223
velke karlovice,49.3606,18.2836,277.17,93,91,1.6,CZ,1667863223
giyon,8.5333,37.9833,286.13,52,14,3.62,ET,1667863223
iqaluit,63.7506,-68.5145,266.87,57,75,7.15,CA,1667863045
beringovskiy,63.05,179.3167,271.79,97,100,6.58,RU,1667863224
portobelo,9.55,-79.65,297.62,93,100,3.54,PA,1667863224
anadyr,64.75,177.4833,271.43,92,75,7.0,RU,1667863224
chinhoyi,-17.3667,30.2,293.75,77,83,1.02,ZW,1667863225
kargopol,61.5071,38.9456,275.44,96,100,3.78,RU,1667863225
thompson,55.7435,-97.8558,254.24,84,20,2.06,CA,1667863114
eenhana,-17.4667,16.3333,295.61,32,0,3.62,NA,1667863226
vila velha,-20.3297,-40.2925,297.12,78,75,2.06,BR,1667863178
denpasar,-8.65,115.2167,298.96,88,20,0.51,ID,1667862993
lima,-12.0432,-77.0282,294.76,67,0,4.63,PE,1667863160
bulgan,48.8125,103.5347,272.9,51,7,2.32,MN,1667863226
madimba,-10.4,40.3333,297.14,84,40,3.64,TZ,1667863227
gornoye loo,43.7129,39.6049,281.03,44,100,2.06,RU,1667863227
peniche,39.3558,-9.3811,291.64,96,87,6.31,PT,1667862965
vaitape,-16.5167,-151.75,299.15,75,14,3.12,PF,1667863228
kungurtug,50.5994,97.5228,268.51,82,92,0.19,RU,1667863228
waingapu,-9.6567,120.2641,300.97,73,88,0.39,ID,1667863135
macas,-2.3167,-78.1167,299.01,65,40,2.57,EC,1667863228
mahanje,-9.9333,35.3333,291.77,67,35,1.95,TZ,1667863229
atuona,-9.8,-139.0333,298.03,71,76,6.54,PF,1667863233
rio verde de mato grosso,-18.9181,-54.8442,299.38,30,96,3.2,BR,1667863233
necochea,-38.5473,-58.7368,295.0,35,1,8.03,AR,1667863234
kempele,64.9131,25.5034,272.16,100,100,1.03,FI,1667863234
milton,34.1322,-84.3007,298.02,76,50,0.45,US,1667863234
okhotsk,59.3833,143.3,259.31,73,33,7.77,RU,1667863235
chokurdakh,70.6333,147.9167,248.91,94,83,5.57,RU,1667863003
kondapalle,16.6167,80.5333,292.85,86,1,1.06,IN,1667863235
umea,63.8284,20.2597,274.21,100,100,4.12,SE,1667863181
coventry,52.4066,-1.5122,287.28,84,100,8.23,GB,1667863236
aiquile,-18.2041,-65.1807,289.84,49,40,4.29,BO,1667863236
iraray,8.9936,118.0511,299.6,87,100,1.41,PH,1667863236
saraland,30.8207,-88.0706,300.05,80,94,1.45,US,1667863237
khandyga,62.6667,135.6,246.21,100,97,1.28,RU,1667863237
yeppoon,-23.1333,150.7333,296.03,68,25,6.02,AU,1667863238
faya,18.3851,42.4509,287.21,85,14,1.36,SA,1667863238
riyadh,24.6877,46.7219,294.23,66,0,1.5,SA,1667862999
dongsheng,39.8161,109.9776,274.69,45,49,3.2,CN,1667863238
katsuura,35.1333,140.3,288.87,88,15,5.0,JP,1667863100
carai,-17.1889,-41.6947,291.54,75,99,2.45,BR,1667863239
flinders,-34.5833,150.8552,295.47,66,24,2.68,AU,1667863239
saint-augustin,51.226,-58.6502,283.17,91,74,7.98,CA,1667863119
hamilton,39.1834,-84.5333,289.5,31,0,3.09,US,1667862943
port hardy,50.6996,-127.4199,276.25,48,20,8.75,CA,1667863240
yulara,-25.2406,130.9889,299.37,38,91,2.8,AU,1667863240
araouane,18.9048,-3.5265,296.42,14,0,3.63,ML,1667863241
yangjiang,21.85,111.9667,292.78,91,97,2.77,CN,1667863241
limbang,4.75,115.0,298.21,97,96,0.71,MY,1667863241
atbasar,51.8,68.3333,268.01,96,78,2.54,KZ,1667863242
tilichiki,60.4667,166.1,265.62,93,100,2.58,RU,1667863242
manadhoo,5.7667,73.3833,300.39,76,23,4.24,MV,1667863242
baillif,16.0202,-61.7463,299.87,83,100,6.55,GP,1667863243
kargasok,59.0556,80.8572,269.25,96,100,2.11,RU,1667863243
staryy nadym,65.6118,72.6842,266.35,95,100,4.02,RU,1667863243
tura,25.5198,90.2201,290.68,84,2,1.56,IN,1667863244
marrakesh,31.6315,-8.0083,292.19,48,0,2.06,MA,1667863208
saint-pierre,-21.3393,55.4781,294.97,73,0,3.09,RE,1667862957
waipawa,-41.4122,175.5153,289.02,61,4,2.54,NZ,1667863244
portland,45.5234,-122.6762,279.73,91,75,3.6,US,1667863225
kawambwa,-9.7915,29.0791,290.44,96,100,1.31,ZM,1667863245
vohibinany,-17.35,49.0333,291.21,97,34,1.1,MG,1667863245
humaita,-7.5061,-63.0208,303.69,42,81,0.4,BR,1667863246
nuevo progreso,23.1667,-97.95,299.52,72,58,3.76,MX,1667863246
hearst,49.6835,-83.6665,271.29,80,95,4.87,CA,1667863246
asau,46.4333,26.4,278.86,78,94,1.57,RO,1667863247
huarmey,-10.0681,-78.1522,292.09,79,23,3.53,PE,1667863247
andenes,69.3143,16.1194,278.14,70,75,7.2,NO,1667863247
kokopo,-4.352,152.2633,301.92,68,62,2.83,PG,1667863016
ballina,-28.8667,153.5667,292.82,66,35,2.46,AU,1667862958
saint george,37.1041,-113.5841,294.48,33,0,10.8,US,1667862935
chuy,-33.6971,-53.4616,287.97,83,4,4.15,UY,1667863248
bandarbeyla,9.4942,50.8122,298.46,75,1,1.79,SO,1667863249
saskylakh,71.9167,114.0833,241.78,99,27,2.21,RU,1667862999
cidreira,-30.1811,-50.2056,289.89,82,33,6.06,BR,1667863001
kavaratti,10.5669,72.642,300.49,74,36,2.96,IN,1667863119
itarema,-2.9248,-39.9167,299.35,75,87,6.96,BR,1667863249
katherine,-14.4667,132.2667,303.33,54,27,4.63,AU,1667863250
burg,51.8333,14.15,284.33,83,93,4.02,DE,1667863250
bada,51.392,109.8717,270.48,74,90,1.66,RU,1667863250
la asuncion,11.0333,-63.8628,300.23,82,99,4.22,VE,1667863251
srednekolymsk,67.45,153.6833,249.61,100,96,3.13,RU,1667862943
grand gaube,-20.0064,57.6608,295.37,76,0,0.45,MU,1667863251
menongue,-14.6585,17.691,291.43,78,91,2.02,AO,1667863251
tucuman,-26.8241,-65.2226,299.15,36,75,2.57,AR,1667863252
canto do buriti,-8.11,-42.9444,300.29,59,100,1.16,BR,1667863252
sasayama,35.0667,135.2167,285.85,77,0,0.65,JP,1667863253
pangnirtung,66.1451,-65.7125,263.15,48,0,1.54,CA,1667863016
khor,47.8861,134.9464,271.27,75,19,3.55,RU,1667863253
elbrus,43.2577,42.6443,270.4,21,87,1.0,RU,1667863254
mykolayivka,47.5414,30.7561,277.31,69,78,1.82,UA,1667863254
lanzhou,36.0564,103.7922,281.5,70,24,1.71,CN,1667863254
qaanaaq,77.484,-69.3632,255.01,97,100,3.69,GL,1667863255
carutapera,-1.195,-46.02,297.71,92,97,2.8,BR,1667863255
alikovo,55.7383,46.7549,273.03,98,100,3.59,RU,1667863255
ketchikan,55.3422,-131.6461,274.41,25,0,4.12,US,1667863105
dunedin,-45.8742,170.5036,287.83,69,64,3.01,NZ,1667863090
teguise,29.0605,-13.564,292.27,83,0,3.6,ES,1667863256
bethel,41.3712,-73.414,294.35,16,0,3.09,US,1667863256
the valley,18.217,-63.0578,300.07,94,20,2.57,AI,1667863257
west bay,19.3667,-81.4167,300.37,81,40,4.63,KY,1667863257
kawalu,-7.3817,108.2082,295.05,96,100,0.69,ID,1667863257
talnakh,69.4865,88.3972,253.26,99,96,3.06,RU,1667863258
aranos,-24.1333,19.1167,289.66,76,2,1.86,NA,1667863258
povenets,62.8487,34.8262,277.89,96,100,5.73,RU,1667863258
monrovia,6.3005,-10.7969,298.76,85,94,1.83,LR,1667863224
sorong,-0.8833,131.25,299.79,84,92,2.53,ID,1667863259
krasnoufimsk,56.6059,57.7669,271.53,86,100,3.86,RU,1667863259
vao,-22.6667,167.4833,296.8,84,88,7.73,NC,1667863260
lata,40.1629,-8.3327,289.22,94,99,2.75,PT,1667863260
guia lopes da laguna,-21.4578,-56.1142,294.65,50,50,2.75,BR,1667863260
springfield,37.2153,-93.2982,290.07,53,75,3.6,US,1667863011
ios,36.7333,25.2833,290.58,57,0,9.39,GR,1667863261
russell,32.3502,-85.1999,298.1,65,0,0.0,US,1667863261
cururupu,-1.8283,-44.8683,297.0,93,62,1.38,BR,1667863262
katra,32.9833,74.95,285.74,55,15,4.8,IN,1667863262
hualmay,-11.0964,-77.6139,291.53,79,11,3.63,PE,1667863262
ust-uda,54.1742,103.0304,268.86,87,100,2.06,RU,1667863263
mandalgovi,45.7625,106.2708,272.65,38,66,3.96,MN,1667863263
eureka,40.8021,-124.1637,283.67,85,100,2.68,US,1667863256
sola,-13.8833,167.55,299.52,94,96,0.0,VU,1667863263
opuwo,-18.0607,13.84,290.93,44,0,2.0,NA,1667863264
torbay,47.6666,-52.7314,289.13,94,100,10.29,CA,1667863264
phalaborwa,-23.943,31.1411,295.15,78,67,2.05,ZA,1667863264
vostok,46.4856,135.8833,271.4,82,32,1.81,RU,1667863265
oktyabrskiy,54.4815,53.471,269.82,95,100,2.61,RU,1667863265
kuytun,54.3419,101.5036,267.69,88,100,2.09,RU,1667863266
shu,43.5983,73.7614,280.76,80,100,3.08,KZ,1667863266
markova,48.6758,24.4138,283.4,81,100,1.14,UA,1667863266
northam,51.0333,-4.2167,286.14,93,100,9.1,GB,1667863006
hasaki,35.7333,140.8333,290.49,79,45,5.12,JP,1667863267
keffi,8.8486,7.8736,297.1,46,65,1.61,NG,1667863267
te anau,-45.4167,167.7167,291.17,48,47,0.88,NZ,1667863149
baykit,61.67,96.37,260.41,99,89,1.45,RU,1667863268
elizabeth city,36.2946,-76.2511,295.37,87,75,1.54,US,1667863268
sivaki,52.6333,126.75,261.73,96,16,0.99,RU,1667863269
port keats,-14.25,129.55,304.45,56,14,3.56,AU,1667863269
talara,-4.5772,-81.2719,292.57,77,75,5.14,PE,1667863269
oskemen,49.9565,82.6119,272.13,100,100,3.0,KZ,1667863270
mehamn,71.0357,27.8492,274.1,93,40,1.03,NO,1667863270
kinston,35.2627,-77.5816,298.11,88,40,0.0,US,1667863270
sao joao da barra,-21.6403,-41.0511,295.2,72,32,2.8,BR,1667863271
bantry,51.6833,-9.45,285.25,81,62,7.37,IE,1667863271
ca mau,9.1769,105.15,296.58,94,100,1.43,VN,1667863259
harda,22.3333,77.1,294.33,49,86,2.44,IN,1667863271
anloga,5.7947,0.8973,300.64,78,91,3.75,GH,1667863272
xuddur,4.1213,43.8894,296.03,82,78,4.11,SO,1667863272
touros,-5.1989,-35.4608,299.0,72,99,5.01,BR,1667863138
omsukchan,62.5333,155.8,261.69,95,100,1.98,RU,1667863273
redcar,54.6166,-1.06,286.78,65,100,6.71,GB,1667863273
solwezi,-12.1688,26.3894,288.58,96,85,0.81,ZM,1667863273
margate,51.3813,1.3862,288.65,77,100,4.02,GB,1667863274
beidao,34.5686,105.8933,284.37,78,99,1.31,CN,1667863274
lingao,19.9103,109.6859,295.64,91,92,4.14,CN,1667863275
buribay,51.9617,58.1592,268.45,90,80,4.64,RU,1667863275
bail hongal,15.8167,74.8667,292.19,60,1,2.28,IN,1667863275
loandjili,-4.7561,11.8578,298.66,87,85,2.48,CG,1667863276
kitui,-1.367,38.0106,290.61,94,79,1.64,KE,1667863276
hatillo,18.4863,-66.8254,300.97,88,53,0.89,PR,1667862985
oshikango,-17.4,15.8833,296.08,28,1,6.75,NA,1667863276
algeciras,36.1333,-5.4505,291.97,77,100,1.03,ES,1667863277
ouesso,1.6136,16.0517,294.92,96,99,0.5,CG,1667863277
kushmurun,52.4503,64.6311,269.62,97,91,1.87,KZ,1667863277
gutierrez zamora,20.45,-97.0833,300.05,76,36,2.23,MX,1667863278
port macquarie,-31.4333,152.9167,295.31,74,62,2.13,AU,1667863211
ibra,22.6906,58.5334,295.27,71,54,2.15,OM,1667863278
inhambane,-23.865,35.3833,297.51,85,91,3.78,MZ,1667863279
neuquen,-38.9516,-68.0591,303.09,28,40,4.12,AR,1667863136
hagere hiywet,8.9833,37.85,286.04,55,30,1.77,ET,1667863279
worpswede,53.2167,8.9333,287.0,85,99,0.89,DE,1667863279
bulawayo,-20.15,28.5833,292.51,79,100,0.98,ZW,1667863280
lavrentiya,65.5833,-171.0,271.24,96,100,9.65,RU,1667863280
verkhoyansk,67.5447,133.385,254.56,99,100,1.12,RU,1667863281
praia,14.9215,-23.5087,298.45,69,0,5.14,CV,1667862983
kjopsvik,68.097,16.3742,274.08,88,96,1.1,NO,1667863281
san quintin,30.4833,-115.95,292.91,70,71,6.74,MX,1667863282
rio tercero,-32.173,-64.1141,298.04,27,97,3.49,AR,1667863282
cairns,-16.9167,145.7667,303.77,65,75,6.69,AU,1667863094
lorengau,-2.0226,147.2712,302.87,67,96,1.83,PG,1667863282
port pirie,-33.1833,138.0167,298.86,36,62,4.49,AU,1667863283
san jose de buan,12.0529,125.0251,297.94,96,100,0.87,PH,1667863283
henties bay,-22.116,14.2845,289.86,89,9,1.96,NA,1667863283
aldan,58.6031,125.3894,260.93,95,100,2.31,RU,1667863284
yuryevets,57.3201,43.1041,275.06,91,100,5.49,RU,1667863284
ibarra,0.35,-78.1167,289.12,91,78,0.91,EC,1667863284
tulsipur,28.131,82.2973,288.88,84,54,1.84,NP,1667863285
kigoma,-4.8769,29.6267,295.42,81,98,4.32,TZ,1667863285
khutar,28.2,80.2833,292.43,78,1,1.16,IN,1667863285
samarai,-10.6167,150.6667,301.23,73,13,2.61,PG,1667863286
port moresby,-9.4431,147.1797,301.76,67,73,1.0,PG,1667863286
otofuke,42.9917,143.2003,275.68,72,79,0.25,JP,1667863286
sungaipenuh,-2.0833,101.3833,290.65,97,100,0.38,ID,1667863287
lagoa,39.05,-27.9833,290.49,67,100,8.08,PT,1667863287
ocos,14.5094,-92.1933,299.25,74,63,2.53,GT,1667863287
storforshei,66.4043,14.5233,271.85,86,0,1.54,NO,1667863288
nueva italia,-25.6167,-57.5,298.72,59,79,2.62,PY,1667863288
moanda,-1.5575,13.2178,294.13,99,88,0.99,GA,1667863289
rio gallegos,-51.6226,-69.2181,295.18,30,75,8.75,AR,1667863289
tariba,7.8188,-72.2243,296.46,96,94,1.33,VE,1667863289
amuntai,-2.4177,115.2494,296.05,95,99,0.17,ID,1667863290
ambon,-3.6954,128.1814,298.23,88,20,1.54,ID,1667863290
wajir,1.7471,40.0573,298.91,71,99,6.89,KE,1667863290
half moon bay,37.4636,-122.4286,288.85,71,100,4.63,US,1667863233
melilla,35.2937,-2.9383,290.36,77,0,1.54,ES,1667863291
aasiaat,68.7098,-52.8699,257.13,99,93,2.66,GL,1667863291
tiksi,71.6872,128.8694,256.01,91,100,8.25,RU,1667863168
port hedland,-20.3167,118.5667,296.18,49,4,8.23,AU,1667863138
grand island,40.925,-98.342,284.31,22,0,5.66,US,1667863292
roma,43.2128,-75.4557,283.68,53,20,5.66,US,1667863112
kharp,66.8014,65.8081,268.42,90,100,2.96,RU,1667863292
hommelvik,63.4108,10.7942,276.42,87,75,1.54,NO,1667863292
bubaque,11.2833,-15.8333,301.9,66,94,5.94,GW,1667862950
bontang,0.1333,117.5,298.15,85,100,2.78,ID,1667863293
jiaozuo,35.2397,113.2331,285.34,49,82,1.34,CN,1667863293
ashcroft,50.7165,-121.2859,263.22,80,100,2.8,CA,1667863294
spirit river,55.7833,-118.8361,256.39,95,100,5.33,CA,1667863294
fort frances,48.5999,-93.4003,273.27,75,0,2.06,CA,1667863294
alta floresta,-9.8756,-56.0861,300.97,42,31,1.13,BR,1667863295
san cristobal,7.7669,-72.225,296.25,95,94,1.27,VE,1667863295
nadym,65.5333,72.5167,266.36,95,100,4.07,RU,1667863295
santa isabel do rio negro,-0.4139,-65.0192,297.19,96,100,0.19,BR,1667863296
avera,33.194,-82.5271,296.88,63,25,2.42,US,1667863226
aitape,-3.1374,142.3475,298.5,88,100,2.21,PG,1667863296
kirovskiy,45.0917,133.5136,272.97,80,9,1.93,RU,1667863296
ambilobe,-13.2,49.05,295.18,74,94,2.38,MG,1667863297
whitehorse,60.7161,-135.0538,258.2,72,20,6.17,CA,1667863297
vila franca do campo,37.7167,-25.4333,289.93,86,100,2.34,PT,1667863231
bafia,4.75,11.2333,294.35,83,100,0.66,CM,1667863298
monteagudo,-19.8167,-63.9833,297.64,30,68,1.41,BO,1667863298
lasa,46.6166,10.7002,279.64,63,57,0.71,IT,1667863299
bam,29.106,58.357,290.81,35,1,3.17,IR,1667863299
puerto carreno,6.189,-67.4859,301.19,72,81,2.21,CO,1667863299
los andes,-32.8337,-70.5983,295.38,45,100,1.92,CL,1667863300
gornji vakuf,43.9381,17.5883,280.03,94,42,0.6,BA,1667863300
eirunepe,-6.6603,-69.8736,300.51,49,42,0.83,BR,1667863301
muncar,-8.4333,114.3333,298.18,89,81,0.79,ID,1667863301
kieta,-6.2167,155.6333,302.36,70,40,2.23,PG,1667863021
marang,5.2056,103.2059,297.1,91,86,2.29,MY,1667863301
lodwar,3.1191,35.5973,301.43,46,65,3.5,KE,1667863302
arman,59.7,150.1667,262.87,89,98,7.48,RU,1667863302
namie,37.4833,141.0,286.88,79,2,1.9,JP,1667863303
port said,31.2565,32.2841,292.14,77,0,4.63,EG,1667863303
ponta do sol,32.6667,-17.1,293.55,87,73,1.29,PT,1667863003
goedereede,51.8175,3.9806,287.14,88,82,2.68,NL,1667863303
barwadih,23.8333,84.1167,288.75,78,23,1.19,IN,1667863304
geraldton,-28.7667,114.6,292.38,82,75,5.14,AU,1667863099
port blair,11.6667,92.75,299.76,81,79,4.98,IN,1667863236
alekseyevsk,57.8406,108.3492,267.99,91,86,5.21,RU,1667863304
santa rosa,14.3122,121.1114,300.43,87,87,3.18,PH,1667863305
komsomolskiy,40.4272,71.7189,282.55,76,75,1.03,UZ,1667863095
chlorakas,34.8042,32.4083,288.64,82,40,1.54,CY,1667863305
broken hill,-31.95,141.4333,295.57,44,24,3.49,AU,1667863010
kroya,-7.6331,109.2461,297.42,90,100,0.87,ID,1667863306
chihuahua,28.5,-106.0,299.61,17,72,3.07,MX,1667863221
acapulco,16.8634,-99.8901,302.05,79,40,4.12,MX,1667863306
ixtapa,20.7,-105.2,300.72,65,20,5.14,MX,1667863306
laguna,38.421,-121.4238,288.75,49,100,4.63,US,1667862738
college,64.8569,-147.8028,266.93,71,100,1.03,US,1667863054
husavik,66.0449,-17.3389,277.37,94,100,4.6,IS,1667863221
mezen,65.8522,44.24,274.23,99,100,2.58,RU,1667863307
nadapuram,11.7,75.6667,294.86,85,10,2.22,IN,1667863307
otradnoye,59.7775,30.8181,277.18,94,100,3.46,RU,1667863308
qasigiannguit,68.8193,-51.1922,252.41,89,13,2.52,GL,1667863308
padang,-0.9492,100.3543,296.18,87,99,1.26,ID,1667863308
cantanhede,-3.6333,-44.3767,297.01,96,100,0.89,BR,1667863309
arlit,18.7369,7.3853,296.18,19,5,4.19,NE,1667863024
beyneu,45.3167,55.2,273.98,73,4,2.41,KZ,1667863309
snasa,64.2457,12.3778,276.82,85,21,1.97,NO,1667863310
maumere,-8.6199,122.2111,300.78,77,100,1.71,ID,1667863310
brighton,50.8284,-0.1395,289.22,77,98,8.49,GB,1667862877
saint-joseph,-21.3667,55.6167,294.36,79,66,3.66,RE,1667863310
asfi,32.2994,-9.2372,291.2,85,29,1.84,MA,1667863311
magog,45.2668,-72.1491,283.54,43,6,9.26,CA,1667863032
adrar,20.5022,-10.0711,298.26,16,0,3.73,MR,1667863146
tautira,-17.7333,-149.15,297.65,86,1,5.49,PF,1667863311
cheney,47.4874,-117.5758,271.64,82,40,7.72,US,1667863242
rio brilhante,-21.8019,-54.5464,294.22,51,29,3.03,BR,1667863312
olinda,-8.0089,-34.8553,300.0,74,40,2.57,BR,1667863312
batemans bay,-35.7167,150.1833,292.09,56,5,2.48,AU,1667863312
belmonte,-15.8631,-38.8828,295.62,73,83,4.18,BR,1667863313
champerico,14.3,-91.9167,296.45,76,64,2.27,GT,1667863313
fremont,37.5483,-121.9886,289.32,61,75,5.14,US,1667863239
santa catarina de tepehuanes,25.35,-105.7333,298.17,18,2,1.42,MX,1667863314
liyang,29.7057,118.2862,286.21,85,0,0.59,CN,1667863314
shimoda,34.6667,138.95,290.35,66,0,3.54,JP,1667863092
pentecoste,-3.7928,-39.2703,298.95,71,99,3.3,BR,1667863315
sulphur springs,33.1385,-95.6011,298.46,100,100,2.06,US,1667863315
constitucion,-35.3333,-72.4167,286.9,78,100,5.5,CL,1667863315
coihueco,-36.6167,-71.8333,296.56,50,0,3.6,CL,1667863087
dromolaxia,34.8761,33.586,289.73,88,20,3.6,CY,1667863316
torres,-29.3353,-49.7269,289.16,86,19,1.62,BR,1667863316
najran,17.4924,44.1277,289.51,30,1,0.46,SA,1667863316
winnemucca,40.973,-117.7357,278.18,45,100,5.14,US,1667863317
taveta,-3.3963,37.6736,293.51,89,67,3.02,KE,1667863214
hailar,49.2,119.7,264.57,89,18,2.5,CN,1667863317
tucurui,-3.7661,-49.6725,298.05,83,100,0.69,BR,1667863318
vestmanna,62.1564,-7.1664,281.66,87,100,13.38,FO,1667863318
aklavik,68.2191,-135.0107,255.15,85,40,2.06,CA,1667863318
casablanca,33.5928,-7.6192,289.27,76,38,0.49,MA,1667863319
hami,42.8,93.45,279.29,33,100,0.53,CN,1667863319
xining,36.6167,101.7667,275.77,67,9,1.2,CN,1667863319
kurchum,48.5722,83.6542,280.34,57,100,1.2,KZ,1667863320
talakan,50.3167,130.3667,268.03,92,100,1.01,RU,1667863320
mutoko,-17.397,32.2268,293.26,68,73,2.74,ZW,1667863320
hope,33.6671,-93.5916,294.18,94,83,3.71,US,1667863316
selikhino,50.3672,137.4996,269.84,88,25,2.73,RU,1667863322
high level,58.5169,-117.136,257.21,78,40,2.06,CA,1667863322
altamira,-3.2033,-52.2064,297.03,92,100,0.42,BR,1667863324
luoyang,34.6836,112.4536,285.33,54,100,2.8,CN,1667863324
lashio,22.9333,97.75,284.66,88,1,0.55,MM,1667863324
bakloh,32.4667,75.9167,286.32,37,1,3.88,IN,1667863325
dalby,-27.1833,151.2667,295.92,44,55,1.79,AU,1667863325
rauma,61.1272,21.5113,280.17,97,100,2.88,FI,1667863326
puerto leguizamo,-0.1934,-74.7819,300.1,67,98,0.54,CO,1667863326
boende,-0.2167,20.8667,294.31,98,100,0.86,CD,1667863326
miragoane,18.4423,-73.0876,299.15,73,12,1.55,HT,1667863327
manacapuru,-3.2997,-60.6206,298.13,86,94,1.14,BR,1667863327
tual,-5.6667,132.75,301.9,73,100,3.81,ID,1667863328
machali,-34.1833,-70.6667,297.38,35,100,1.9,CL,1667863059
lakselv,70.0513,24.9718,274.05,93,75,3.6,NO,1667863328
nha trang,12.25,109.1833,296.15,89,100,2.88,VN,1667863329
oblivskaya,48.5362,42.5014,274.71,82,96,3.25,RU,1667863329
taoudenni,22.6783,-3.9836,298.18,17,9,4.46,ML,1667863269
anamur,36.0751,32.8369,290.69,75,89,3.78,TR,1667863256
kigonsera,-10.8,35.05,290.6,56,69,2.04,TZ,1667863330
iskateley,67.6803,53.1512,273.51,98,100,5.52,RU,1667863330
dalaba,10.7,-12.25,292.18,65,94,0.53,GN,1667863331
montepuez,-13.1256,38.9997,293.63,87,19,3.06,MZ,1667863331
charters towers,-20.1,146.2667,298.94,48,0,5.67,AU,1667863331
ust-ishim,57.6935,71.1665,271.32,80,100,1.25,RU,1667863332
dukat,62.55,155.55,260.0,96,100,2.45,RU,1667863333
ishigaki,24.3448,124.1572,298.22,88,75,5.66,JP,1667863333
roald,62.5833,6.1333,282.22,81,75,3.09,NO,1667863333
veraval,20.9,70.3667,297.83,60,30,4.5,IN,1667863334
pervomayskoye,43.919,46.7102,283.2,64,76,8.26,RU,1667863215
kilinochchi,9.3961,80.3982,297.72,89,100,3.36,LK,1667863335
patacamaya,-17.2333,-67.9167,282.59,60,82,6.0,BO,1667863335
horodnya,51.8909,31.5974,278.49,71,97,5.04,UA,1667863335
martapura,-3.4167,114.85,296.25,94,90,0.66,ID,1667863336
goure,13.9835,10.2704,296.99,17,4,3.67,NE,1667863336
melfi,40.9965,15.6514,283.11,85,4,1.28,IT,1667863337
dickinson,29.4608,-95.0513,301.53,78,20,4.12,US,1667863126
nuevo casas grandes,30.4167,-107.9167,293.01,26,100,4.02,MX,1667863337
douglas,41.3,-96.167,283.64,35,0,5.66,US,1667863160
harper,4.375,-7.7169,299.25,83,98,3.24,LR,1667863338
rawson,-43.3002,-65.1023,292.31,45,20,7.2,AR,1667863338
darnetal,49.4453,1.1514,286.77,83,0,5.66,FR,1667863338
lianzhou,24.7811,112.3825,291.56,90,80,0.31,CN,1667863339
puerto madero,14.7208,-92.4215,299.26,100,100,4.63,MX,1667863339
ascoli piceno,42.8548,13.5749,284.96,87,9,2.22,IT,1667863340
rabaul,-4.1967,152.1721,301.6,72,71,2.95,PG,1667863340
envira,-7.3,-70.2167,300.37,48,18,1.07,BR,1667863341
dali,25.7,100.1833,280.72,84,0,0.61,CN,1667863341
dicabisagan,17.0818,122.4157,298.53,90,94,1.54,PH,1667863342
pallasovka,50.05,46.8833,275.07,72,100,2.78,RU,1667863342
senekal,-28.3197,27.6208,287.18,91,100,2.19,ZA,1667863293
pedernales,18.0384,-71.744,299.17,78,10,1.96,DO,1667863343
morton,46.7722,-101.2615,270.25,61,100,9.46,US,1667863343
torrington,41.8007,-73.1212,293.14,46,4,4.2,US,1667863339
khunti,23.0833,85.2833,291.21,70,23,1.5,IN,1667863344
la ronge,55.1001,-105.2842,261.29,79,75,4.12,CA,1667863344
los alamos,35.8881,-106.307,288.23,34,0,2.57,US,1667863344
gornopravdinsk,60.05,69.9,266.08,98,95,2.55,RU,1667863345
killam,52.7834,-111.8518,260.12,85,100,7.2,CA,1667863345
kwekwe,-18.9281,29.8149,293.7,78,100,0.57,ZW,1667863346
ouadda,8.0777,22.4007,293.76,81,100,0.37,CF,1667863346
vysokogornyy,50.1167,139.15,266.81,92,88,1.17,RU,1667863346
mitsamiouli,-11.3847,43.2844,298.33,83,1,5.96,KM,1667863347
bouza,14.4229,6.0428,296.99,16,25,3.22,NE,1667863347
val-david,46.0334,-74.2159,281.63,57,21,1.34,CA,1667863347
khilok,51.3674,110.4676,269.13,76,81,1.57,RU,1667863348
agadir,30.4202,-9.5982,289.4,46,55,1.73,MA,1667863348
kudahuvadhoo,2.6708,72.8944,300.32,75,17,4.36,MV,1667863348
gazanjyk,39.2446,55.5154,278.31,53,1,2.92,TM,1667863349
hammerfest,70.6634,23.6821,275.4,93,40,0.0,NO,1667863349
taylor,32.3001,-99.8337,298.85,62,0,4.63,US,1667863349
hambantota,6.1241,81.1185,298.1,84,99,1.51,LK,1667863350
leon,21.1167,-101.6667,302.12,50,0,5.72,MX,1667863350
tarko-sale,64.9225,77.785,265.76,94,100,4.56,RU,1667863350
haikou,20.0458,110.3417,295.22,94,75,4.0,CN,1667863351
toba,34.4833,136.85,288.15,67,0,8.22,JP,1667863351
